epoch,mse
0,0.171689570
1,0.124669507
