epoch,mse
0,0.136450351
1,0.098583844
2,0.093101249
