epoch,mse
0,0.138494989
1,0.093879507
2,0.090901162
