epoch,mse
0,0.038642301
1,0.039634737
2,0.039350710
3,0.039195951
4,0.039100442
5,0.039032147
