epoch,mse
0,0.039195142
1,0.058457492
2,0.058259766
3,0.058083781
