epoch,mse
0,0.038460932
1,0.038287048
2,0.038069793
3,0.037921148
