epoch,mse
0,0.088983998
1,0.073287539
2,0.071451252
