epoch,mse
0,0.172072824
1,0.143335310
2,0.139430820
