epoch,mse
0,0.120097187
1,0.097868328
2,0.094898385
