tick,K,N,M,act_id,x0,x_last,back00,back0_last,backlast0,backlast_last,backnk00,backnk_last_last,theta00,theta_last,bias0,bias_last
1,4,1,256,0,0.000000000,0.001000000,0.000000000,0.000000000,0.000000000,0.000000000,0.000000000,0.000000000,0.000000000,0.000000000,0.000000000,0.000000000
2,4,1,256,0,0.000000000,0.000650000,0.000000000,0.000000000,0.000000000,0.000000000,0.000000000,0.000000000,0.000000000,0.000002750,0.000000000,0.000050000
