tick,K,N,M,act_id,x0,x_last,back00,back0_last,backlast0,backlast_last,backnk00,backnk_last_last,theta00,theta_last,bias0,bias_last
1,2,256,1,0,-0.001800000,-0.001200000,0.000000000,0.000000000,0.000000000,0.000000000,0.000000000,0.000000000,0.000000000,0.000000000,0.000000000,0.000000000
2,2,256,1,0,-0.001170000,-0.000780000,-0.000000000,-0.000000000,-0.000000000,-0.000000000,-0.000000000,-0.000000000,-0.000004950,-0.000002700,-0.000090000,-0.000060000
