epoch,mse
0,0.139199
1,0.109118
2,0.103912
