epoch,mse
0,0.120439674
1,0.086759082
2,0.082509124
