epoch,mse
0,0.038752304
1,0.040932202
2,0.040604896
3,0.040416668
