epoch,mse
0,0.541647029
1,0.255954864
2,0.242037104
