epoch,mse
0,3.795871821
1,0.090024278
2,0.004131879
