epoch,mse
0,0.001637409
1,0.001462281
2,0.001333264
