epoch,mse
0,0.505400062
1,0.262071035
2,0.249856610
