epoch,mse
0,0.069170499
1,0.016279757
2,0.016835963
