epoch,mse
0,0.397691785
1,0.303047992
2,0.298410560
