epoch,mse
0,0.519517166
1,0.314877582
