epoch,mse
0,0.547720474
1,0.258909244
