epoch,mse
0,0.544186887
1,0.336477584
