epoch,mse
0,0.530983703
1,0.349891823
